casilla_id,distrito_fed_17,distrito_fed_12,distrito_loc_17,distrito_loc_12,are,seccion,casilla,tipo_seccion,pri_pvem,pan_na,prd,pt,mc,otros,total,ln,tamano_md,tamano_gd,region,casilla_ex,rural,ln_total
171,4,1,1,1,1-86,2382,B-C,U,165,99,18,0,1,11,294,506,1,0,1,0,0,506
223,4,1,1,1,1-73,2407,B-C,U,158,124,7,4,1,6,300,631,1,0,1,0,0,631
100,4,1,1,1,1-102,1907,B-C,M,53,111,72,4,1,22,263,446,0,0,1,0,0,446
574,1,1,2,2,1-21,2892,B-C,M,130,223,47,2,0,10,412,564,1,0,2,0,0,564
179,4,1,1,1,1-88,2385,B-C,U,236,112,14,1,2,0,365,615,1,0,1,0,0,615
414,1,1,2,2,1-44,2544,B-C,U,146,168,24,5,7,24,374,700,1,0,2,0,0,700
123,4,1,1,1,1-64,2356,B-C,M,131,186,15,36,1,19,388,611,1,0,1,0,0,611
109,4,1,1,1,1-63,2347,B-C,U,201,199,12,20,1,9,442,648,1,0,1,0,0,648
77,4,1,1,1,1-100,1894,B-C,U,143,175,12,2,0,4,336,465,0,0,1,0,0,465
434,1,1,2,2,1-49,2551,B-C,U,182,144,12,5,5,11,359,654,1,0,2,0,0,654
120,4,1,1,1,1-60,2354,B-C,R,89,162,22,8,0,14,295,481,0,0,1,0,1,481
131,4,1,1,1,1-59,2359,B-C,R,106,219,4,8,2,8,347,611,1,0,1,0,1,611
256,4,1,1,1,1-77,2425,B-C,R,290,156,13,1,0,18,478,476,0,0,1,0,1,476
297,1,1,2,2,1-5,335,B-C,R,230,156,1,0,1,0,388,489,0,0,2,0,1,489
286,4,1,1,1,1-94,2444,B-C,R,154,165,4,2,1,14,340,558,0,0,1,0,1,558
493,1,1,2,2,1-53,2583,B-C,R,85,178,13,1,0,13,290,538,1,0,2,0,1,538
474,1,1,2,2,1-39,2573,B-C,R,141,203,2,2,0,34,382,747,1,0,2,0,1,747
583,1,1,2,2,1-26,2899,E,R,236,181,55,2,0,15,489,700,1,0,2,1,1,700
611,1,1,2,2,1-14,2943,B-C,R,158,99,2,0,0,11,270,345,0,0,2,0,1,345
485,1,1,2,2,1-40,2579,B-C,R,114,184,45,18,2,34,397,648,1,0,2,0,1,648
5926,10,10,20,20,10-3,1866,B-C,U,76,151,21,4,7,5,264,403,0,0,2,0,0,403
6168,10,10,20,20,10-99,3000,B-C,M,118,203,14,2,0,17,354,743,1,0,2,0,0,743
6101,10,10,20,20,10-79,2962,B-C,U,127,148,13,28,3,25,344,557,1,0,2,0,0,557
6055,10,10,20,20,10-73,2809,B-C,U,122,159,30,7,1,16,335,666,1,0,2,0,0,666
6138,10,10,20,20,10-95,2984,B-C,M,189,145,4,3,3,85,429,612,1,0,2,0,0,612
5987,10,10,20,20,10-47,2645,B-C,U,125,186,0,0,0,7,318,420,0,0,2,0,0,420
5975,10,10,20,20,10-13,1889,B-C,R,47,81,15,2,0,8,153,412,0,0,2,0,1,412
5291,14,10,15,17,10-55,2761,B-C,R,138,186,14,6,1,14,359,643,1,0,2,0,1,643
6121,10,10,20,20,10-88,2973,B-C,R,138,102,51,9,5,26,331,405,0,0,2,0,1,405
6118,10,10,20,20,10-87,2971,B-C,R,88,103,13,8,1,13,226,436,0,0,2,0,1,436
5993,10,10,20,20,10-46,2649,B-C,R,133,189,2,1,1,7,333,467,0,0,2,0,1,467
5293,14,10,15,17,10-56,2763,B-C,R,162,163,13,2,0,10,350,620,1,0,2,0,1,620
5435,7,11,18,18,11-43,1919,B-C,U,183,250,9,0,3,10,455,662,0,0,1,0,0,662
5517,7,11,18,18,11-20,1965,B-C,M,116,98,2,1,0,9,226,377,0,0,1,0,0,377
5322,7,11,10,18,11-99,569,B-C,U,188,228,11,4,0,14,445,691,0,0,1,0,0,691
5539,7,11,18,18,11-11,1974,B-C,M,109,121,28,7,0,15,280,606,1,0,1,0,0,606
5606,7,11,18,18,11-30,2010,B-C,M,219,107,0,0,0,14,340,681,0,0,1,0,0,681
5527,7,11,18,18,11-33,1969,B-C,M,184,167,7,10,3,13,384,612,1,0,1,0,0,612
3883,13,11,18,13,11-67,36,B-C,R,94,110,7,1,3,6,221,404,0,0,1,0,1,404
5365,7,11,10,18,11-101,599,B-C,R,126,60,41,22,0,24,273,465,0,0,1,0,1,465
5595,7,11,18,18,11-22,2004,B-C,R,203,178,15,3,2,9,410,689,0,0,1,0,1,689
5630,7,11,18,18,11-26,2022,B-C,R,182,92,3,0,0,7,284,544,0,0,1,0,1,544
5613,7,11,18,18,11-23,2014,B-C,R,102,67,0,3,0,6,178,431,0,0,1,0,1,431
3899,13,11,18,13,11-59,44,B-C,R,50,143,4,1,0,14,212,381,0,0,1,0,1,381
5658,13,11,18,19,11-51,925,B-C,R,172,152,80,8,0,18,430,674,1,0,1,0,1,674
5612,7,11,18,18,11-27,2013,B-C,R,150,73,6,1,1,8,239,445,0,0,1,0,1,445
5504,7,11,18,18,11-4,1959,B-C,R,115,73,7,4,0,10,209,444,0,0,1,0,1,444
3848,13,11,18,13,11-77,20,B-C,R,194,122,9,5,2,16,348,614,1,0,1,0,1,614
4710,12,12,16,16,12-23,342,B-C,U,143,174,19,10,1,6,353,742,1,0,2,0,0,742
4676,12,12,16,16,12-39,336,B-C,U,147,218,32,5,8,11,421,727,0,1,2,0,0,727
4682,12,12,16,16,12-38,336,B-C,U,166,198,29,7,7,8,415,728,0,1,2,0,0,728
4869,12,12,15,16,12-15,482,B-C,U,184,151,21,6,8,18,388,740,1,0,2,0,0,740
4843,12,12,15,16,12-13,460,B-C,U,106,229,36,7,8,11,397,629,1,0,2,0,0,629
4717,12,12,16,16,12-22,343,B-C,U,183,216,25,10,4,16,454,745,0,1,2,0,0,745
4434,12,12,15,15,12-8,387,B-C,U,182,208,24,5,7,17,443,715,1,0,2,0,0,715
4928,2,12,16,16,12-72,522,B-C,U,108,115,22,7,1,10,263,448,0,0,2,0,0,448
4776,12,12,16,16,12-5,398,B-C,U,134,168,15,2,1,10,330,523,1,0,2,0,0,523
4694,12,12,16,16,12-27,339,B-C,U,152,219,28,5,3,16,423,647,1,0,2,0,0,647
4719,12,12,16,16,12-24,344,B-C,U,162,140,20,5,4,11,342,593,1,0,2,0,0,593
4862,12,12,15,16,12-15,472,B-C,U,123,115,22,1,6,19,286,587,1,0,2,0,0,587
4888,2,12,16,16,12-68,501,B-C,U,111,265,16,6,10,12,420,681,1,0,2,0,0,681
5718,13,13,19,19,13-55,2816,B-C,U,95,236,45,8,4,14,402,685,1,0,2,0,0,685
6206,10,13,19,21,13-24,674,B-C,U,221,243,29,13,1,17,524,749,0,0,2,0,0,749
5908,13,13,19,19,13-93,2889,B-C,U,19,79,85,3,1,16,203,523,1,0,2,0,0,523
6190,10,13,19,21,13-21,666,B-C,U,121,154,25,2,3,9,314,525,1,0,2,0,0,525
5743,13,13,19,19,13-61,2828,B-C,U,53,149,66,0,1,16,285,507,1,0,2,0,0,507
6194,10,13,19,21,13-22,668,B-C,U,227,218,21,7,5,15,493,743,1,0,2,0,0,743
4826,12,13,15,16,13-2,452,B-C,U,156,177,33,2,6,8,382,598,1,0,2,0,0,598
5827,13,13,19,19,13-79,2860,E,M,41,210,87,2,2,18,360,582,1,0,2,1,0,582
6223,10,13,19,21,13-29,681,B-C,U,152,215,29,6,3,17,422,653,1,0,2,0,0,653
6198,10,13,19,21,13-23,670,B-C,U,148,186,30,3,5,12,384,620,1,0,2,0,0,620
6222,10,13,19,21,13-29,681,B-C,U,185,178,30,8,4,10,415,653,1,0,2,0,0,653
5684,13,13,19,19,13-45,1187,B-C,U,175,185,17,1,3,6,387,570,1,0,2,0,0,570
5777,13,13,19,19,13-66,2842,B-C,U,42,168,68,5,2,42,327,613,1,0,2,0,0,613
4545,12,13,15,15,13-14,492,B-C,U,80,154,16,1,0,9,260,501,1,0,2,0,0,501
5788,13,13,19,19,13-64,2845,B-C,U,48,162,83,8,1,17,319,652,1,0,2,0,0,652
5738,13,13,19,19,13-59,2825,B-C,U,50,184,43,3,2,15,297,507,1,0,2,0,0,507
5842,13,13,19,19,13-83,2867,B-C,M,23,149,125,3,1,24,325,658,1,0,2,0,0,658
5794,13,13,19,19,13-70,2847,B-C,U,46,170,74,3,4,19,316,591,1,0,2,0,0,591
4499,12,13,15,15,13-6,468,B-C,U,113,203,16,6,0,10,348,532,1,0,2,0,0,532
5824,13,13,19,19,13-79,2860,B-C,M,37,124,73,1,0,7,242,381,1,0,2,0,0,381
4600,12,13,15,15,13-18,563,B-C,M,209,148,12,0,1,7,377,619,1,0,2,0,0,619
6252,10,13,19,21,13-32,692,B-C,U,146,197,24,5,2,15,389,664,1,0,2,0,0,664
4505,12,13,15,15,13-8,476,B-C,U,151,151,13,3,2,17,337,543,1,0,2,0,0,543
5674,13,13,19,19,13-47,1183,B-C,U,183,178,14,2,2,14,393,666,1,0,2,0,0,666
6286,10,13,19,21,13-41,708,B-C,R,110,162,6,3,1,14,296,552,1,0,2,0,1,552
5869,13,13,19,19,13-90,2875,B-C,R,16,158,64,3,1,21,263,422,1,0,2,0,1,422
4599,12,13,15,15,13-16,541,B-C,R,69,252,14,3,0,9,347,570,1,0,2,0,1,570
5822,13,13,19,19,13-78,2859,B-C,R,56,111,58,4,0,19,248,414,0,0,2,0,1,414
5032,14,14,22,17,14-44,265,B-C,U,112,142,61,4,12,19,350,605,1,0,2,0,0,605
5129,14,14,9,17,14-64,314,B-C,M,117,133,28,6,0,14,298,634,1,0,2,0,0,634
6650,14,14,22,22,14-79,1206,B-C,U,109,112,97,1,4,13,336,525,1,0,2,0,0,525
6648,14,14,22,22,14-78,1205,B-C,U,106,155,88,3,1,15,368,603,1,0,2,0,0,603
6529,14,14,22,22,14-15,86,B-C,U,90,124,96,6,3,29,348,686,1,0,2,0,0,686
6515,14,14,22,22,14-13,81,B-C,U,120,216,43,4,5,22,410,652,1,0,2,0,0,652
5161,14,14,9,17,14-72,328,B-C,M,120,151,12,2,7,12,304,538,1,0,2,0,0,538
6638,14,14,22,22,14-76,658,B-C,R,142,216,92,9,0,26,485,705,0,0,2,0,1,705
6537,14,14,22,22,14-16,92,B-C,R,29,46,36,1,1,11,124,278,0,0,2,0,1,278
5137,14,14,9,17,14-68,317,B-C,R,264,330,7,7,2,12,622,384,0,0,2,0,1,384
6689,14,14,22,22,14-92,1232,B-C,R,49,94,21,1,2,5,172,389,0,0,2,0,1,389
6696,14,14,22,22,14-92,1238,B-C,R,36,27,5,1,0,8,77,169,0,0,2,0,1,169
6642,14,14,22,22,14-75,661,B-C,R,83,81,58,6,1,17,246,410,0,0,2,0,1,410
6662,14,14,22,22,14-80,1214,B-C,R,83,120,18,2,0,17,240,427,0,0,2,0,1,427
5024,14,14,22,17,14-43,262,B-C,R,67,108,18,6,12,16,227,490,0,0,2,0,1,490
5133,14,14,9,17,14-43,315,B-C,R,155,197,35,2,1,11,401,694,1,0,2,0,1,694
6625,14,14,22,22,14-34,140,B-C,R,41,83,62,9,0,23,218,547,1,0,2,0,1,547
5193,2,2,17,17,2-50,619,B-C,U,94,264,10,5,7,11,391,685,1,0,2,0,0,685
340,2,2,2,2,2-79,2510,B-C,U,196,125,47,7,2,13,390,612,1,0,2,0,0,612
2522,2,2,9,9,2-1,141,B-C,M,144,162,13,7,1,25,352,633,1,0,2,0,0,633
5187,2,2,17,17,2-50,616,B-C,U,73,194,12,1,5,9,294,516,1,0,2,0,0,516
548,1,2,2,2,2-88,2778,B-C,M,242,195,58,5,2,26,528,688,1,0,2,0,0,688
2540,2,2,9,9,2-6,146,B-C,U,137,176,10,3,5,22,353,608,1,0,2,0,0,608
2615,2,2,9,9,2-15,175,S,M,37,53,10,1,2,4,107,0,1,0,2,0,0,107
2583,2,2,9,9,2-9,164,B-C,U,156,161,15,6,7,14,359,635,1,0,2,0,0,635
382,2,2,2,2,2-80,2529,B-C,U,124,101,88,2,0,14,329,550,1,0,2,0,0,550
2652,2,2,9,9,2-28,197,B-C,R,122,202,17,6,1,20,368,693,1,0,2,0,1,693
2675,2,2,9,9,2-42,211,B-C,R,97,109,15,2,2,18,243,428,0,0,2,0,1,428
5238,2,2,17,17,2-68,641,B-C,R,65,259,19,2,6,14,365,718,1,0,2,0,1,718
2626,2,2,9,9,2-30,182,B-C,R,149,225,6,3,2,9,394,703,0,0,2,0,1,703
392,2,2,2,2,2-82,2534,B-C,R,187,45,18,2,2,5,259,423,0,0,2,0,1,423
1163,6,3,4,4,3-54,1391,B-C,U,155,261,7,4,3,10,440,642,1,0,1,0,0,642
1085,3,3,7,4,3-33,1330,B-C,U,199,243,7,4,4,17,474,745,1,0,1,0,0,745
1020,3,3,3,4,3-12,1304,B-C,U,197,264,14,2,3,7,487,706,1,0,1,0,0,706
1024,3,3,4,4,3-21,1306,B-C,U,221,202,9,1,1,7,441,709,1,0,1,0,0,709
910,3,3,3,4,3-1,1266,B-C,U,236,160,8,2,1,23,430,746,1,0,1,0,0,746
1986,6,3,21,7,3-65,1452,B-C,U,198,189,9,1,5,11,413,641,1,0,1,0,0,641
917,3,3,3,4,3-2,1272,B-C,U,155,169,7,2,3,8,344,539,1,0,1,0,0,539
1032,6,3,4,4,3-24,1308,B-C,U,170,160,8,1,0,7,346,645,1,0,1,0,0,645
1049,3,3,3,4,3-26,1315,B-C,U,144,143,4,0,2,7,300,464,0,0,1,0,0,464
1033,6,3,4,4,3-22,1309,B-C,U,178,137,4,4,4,11,338,612,1,0,1,0,0,612
1061,3,3,7,4,3-27,1321,B-C,U,155,137,6,3,1,14,316,531,1,0,1,0,0,531
1205,3,3,4,4,3-15,1481,E,M,165,141,8,7,3,12,336,507,1,0,1,1,0,507
933,3,3,4,4,3-5,1277,B-C,U,232,202,5,9,0,15,463,731,1,0,1,0,0,731
963,3,3,4,4,3-13,1285,B-C,U,199,258,20,3,1,7,488,737,0,1,1,0,0,737
1924,6,3,7,7,3-49,1403,B-C,U,121,114,8,3,1,8,255,441,0,0,1,0,0,441
980,3,3,3,4,3-8,1289,B-C,U,198,117,14,0,0,9,338,562,1,0,1,0,0,562
1981,6,3,21,7,3-63,1450,B-C,U,198,281,14,3,2,14,512,738,1,0,1,0,0,738
2315,4,4,8,8,4-66,878,B-C,M,194,197,35,5,3,0,434,748,0,1,1,0,0,748
2279,4,4,8,8,4-56,867,B-C,U,211,178,21,11,6,17,444,591,1,0,1,0,0,591
2304,4,4,8,8,4-65,878,B-C,M,199,186,32,7,3,14,441,748,0,1,1,0,0,748
3744,9,4,11,12,4-102,1129,B-C,U,87,208,0,21,0,4,320,612,1,0,1,0,0,612
2732,1,4,8,9,4-6,761,B-C,U,156,155,12,2,6,22,353,649,1,0,1,0,0,649
2762,1,4,8,9,4-8,772,B-C,U,161,172,13,15,5,12,378,644,1,0,1,0,0,644
2320,4,4,8,8,4-63,879,B-C,U,197,197,27,6,6,23,456,617,1,0,1,0,0,617
2824,1,4,8,9,4-38,821,B-C,M,125,185,13,9,2,35,369,668,1,0,1,0,0,668
2329,4,4,8,8,4-72,886,B-C,R,45,104,4,0,0,8,161,362,0,0,1,0,1,362
2370,4,4,8,8,4-82,904,E,R,109,88,15,0,0,9,221,342,1,0,1,1,1,342
2791,1,4,1,9,4-29,804,B-C,R,125,131,6,1,1,5,269,472,1,0,1,0,1,472
1575,5,5,5,5,5-78,3010,B-C,U,124,150,5,2,3,4,288,420,0,0,1,0,0,420
779,5,5,5,3,5-37,1724,B-C,U,198,121,10,5,1,6,341,514,1,0,1,0,0,514
681,3,5,3,3,5-10,1681,B-C,U,199,237,12,2,1,11,462,734,0,1,1,0,0,734
1299,5,5,7,5,5-30,1423,B-C,U,86,132,4,3,3,6,234,327,0,0,1,0,0,327
1357,5,5,5,5,5-51,1491,B-C,U,203,152,5,2,0,8,370,633,1,0,1,0,0,633
1413,5,5,5,5,5-66,1787,B-C,U,186,154,10,1,2,5,358,628,1,0,1,0,0,628
1601,5,5,5,5,5-84,3022,B-C,U,152,103,6,4,3,4,272,465,0,0,1,0,0,465
758,3,5,3,3,5-22,1714,B-C,U,165,171,9,3,1,15,364,502,1,0,1,0,0,502
1588,5,5,5,5,5-73,3015,B-C,U,122,185,0,1,0,11,319,390,1,0,1,0,0,390
1425,5,5,7,5,5-59,1792,B-C,U,235,182,15,4,7,16,459,690,1,0,1,0,0,690
1473,5,5,5,5,5-60,1813,B-C,U,229,211,7,1,2,19,469,635,1,0,1,0,0,635
1444,5,5,7,5,5-43,1799,B-C,U,199,190,4,0,1,1,395,603,0,0,1,0,0,603
1607,5,5,5,5,5-81,3025,B-C,U,156,114,4,3,0,9,286,505,1,0,1,0,0,505
806,5,5,7,3,5-28,1737,B-C,U,141,172,3,2,2,6,326,515,1,0,1,0,0,515
896,3,5,3,4,5-3,1261,B-C,M,206,130,2,5,1,12,356,611,1,0,1,0,0,611
1745,11,6,6,6,6-75,1603,B-C,U,202,183,5,3,3,14,410,692,1,0,1,0,0,692
2024,11,6,21,7,6-36,1585,B-C,U,182,212,13,6,2,9,424,679,1,0,1,0,0,679
1315,6,6,7,5,6-64,1460,B-C,U,159,224,9,3,1,8,404,598,0,0,1,0,0,598
1822,11,6,6,6,6-77,1649,B-C,U,230,126,4,0,0,6,366,635,1,0,1,0,0,635
2058,6,6,4,7,6-30,1632,B-C,NA,192,178,7,3,4,15,399,743,0,1,1,0,0,743
1542,5,6,6,5,6-80,1848,B-C,U,174,169,8,4,1,6,362,549,1,0,1,0,0,549
1811,11,6,6,6,6-53,1637,B-C,U,192,176,4,1,2,15,390,611,1,0,1,0,0,611
1777,11,6,21,6,6-45,1614,B-C,U,208,224,10,3,5,5,455,726,0,1,1,0,0,726
2168,6,6,4,7,6-4,1661,B-C,M,157,153,11,4,1,4,330,627,1,0,1,0,0,627
2033,11,6,21,7,6-39,1619,B-C,U,143,180,16,5,4,7,355,498,0,0,1,0,0,498
1772,11,6,6,6,6-49,1613,B-C,U,248,229,13,3,1,14,508,738,1,0,1,0,0,738
1621,6,6,7,6,6-57,1520,B-C,U,173,176,8,2,2,7,368,450,0,0,1,0,0,450
1532,5,6,6,5,6-79,1845,B-C,U,171,186,6,1,0,8,372,554,1,0,1,0,0,554
1674,11,6,6,6,6-58,1556,B-C,U,167,148,4,3,1,0,323,559,1,0,1,0,0,559
1784,11,6,21,6,6-48,1615,B-C,U,152,136,10,2,1,5,306,450,0,0,1,0,0,450
1765,11,6,6,6,6-51,1612,B-C,U,195,115,10,2,1,11,334,544,1,0,1,0,0,544
1680,11,6,21,6,6-43,1559,B-C,U,182,230,20,1,2,8,443,669,1,0,1,0,0,669
1723,11,6,6,6,6-52,1592,B-C,U,177,216,10,4,1,15,423,716,1,0,1,0,0,716
1793,11,6,6,6,6-71,1624,B-C,U,159,136,0,11,0,0,306,484,0,0,1,0,0,484
1316,6,6,7,5,6-63,1461,B-C,U,162,155,3,2,4,11,337,464,0,0,1,0,0,464
1814,11,6,6,6,6-53,1638,B-C,U,198,81,4,3,1,7,294,495,0,0,1,0,0,495
1675,11,6,6,6,6-54,1557,B-C,U,182,192,5,1,3,9,392,598,1,0,1,0,0,598
1684,11,6,21,6,6-43,1566,B-C,U,236,212,15,4,5,13,485,690,1,0,1,0,0,690
2120,11,6,21,7,6-23,1643,B-C,U,170,145,4,2,2,17,340,695,0,1,1,0,0,695
1801,5,6,6,6,6-83,1627,B-C,U,188,142,14,7,2,25,378,677,1,0,1,0,0,677
1545,5,6,6,5,6-80,1849,B-C,U,155,183,11,3,3,12,367,587,1,0,1,0,0,587
1997,6,6,7,7,6-55,1518,S,U,34,46,3,2,1,7,93,0,1,0,1,0,0,93
1634,6,6,7,6,6-55,1530,B-C,U,158,211,7,2,1,8,387,608,1,0,1,0,0,608
2183,11,6,6,7,6-2,1668,B-C,R,213,132,32,7,3,40,427,744,1,0,1,0,1,744
3150,9,7,13,10,7-84,2700,B-C,U,145,175,8,0,0,12,340,564,1,0,1,0,0,564
2444,9,7,13,8,7-72,2670,B-C,U,166,170,16,1,4,9,366,628,1,0,1,0,0,628
3148,9,7,13,10,7-84,2700,B-C,U,112,214,7,1,0,27,361,564,1,0,1,0,0,564
3131,9,7,13,10,7-67,2678,B-C,U,129,134,12,3,2,6,286,604,1,0,1,0,0,604
3059,7,7,10,10,7-44,2477,B-C,U,115,266,7,1,1,5,395,702,0,1,1,0,0,702
3031,7,7,10,10,7-41,2470,B-C,U,114,254,4,1,0,7,380,604,1,0,1,0,0,604
2442,9,7,13,8,7-73,2669,B-C,U,216,186,15,5,2,18,442,727,1,0,1,0,0,727
2839,7,7,10,10,7-1,2036,B-C,U,126,230,2,0,1,12,371,666,0,1,1,0,0,666
2427,9,7,13,8,7-63,2662,B-C,U,145,191,23,5,4,0,368,570,1,0,1,0,0,570
3032,7,7,10,10,7-41,2470,B-C,U,115,227,11,0,0,11,364,604,1,0,1,0,0,604
2402,9,7,13,8,7-59,2654,B-C,U,146,132,11,6,1,15,311,649,1,0,1,0,0,649
3128,9,7,13,10,7-66,2677,B-C,U,123,110,9,0,2,9,253,522,1,0,1,0,0,522
2405,9,7,13,8,7-60,2655,B-C,U,154,168,10,9,1,0,342,654,1,0,1,0,0,654
3162,9,7,13,10,7-87,2710,B-C,R,150,186,8,4,6,8,362,700,1,0,1,0,1,700
3092,7,7,10,10,7-50,2491,B-C,R,156,132,3,3,1,6,301,507,1,0,1,0,1,507
2972,13,7,13,10,7-30,2103,B-C,R,40,44,79,3,4,15,185,306,0,0,1,0,1,306
3099,7,7,10,10,7-52,2494,B-C,R,175,65,6,0,1,25,272,510,1,0,1,0,1,510
3117,7,7,10,10,7-58,2503,B-C,R,77,100,3,2,0,3,185,409,0,0,1,0,1,409
2474,9,7,13,8,7-77,2690,B-C,R,100,77,6,6,0,7,196,674,1,0,1,0,1,674
3185,9,7,13,10,7-93,2725,B-C,R,114,122,18,6,1,0,261,564,1,0,1,0,1,564
2929,13,7,13,10,7-22,2072,B-C,R,169,146,46,2,2,15,380,699,1,0,1,0,1,699
3186,9,7,13,10,7-93,2725,B-C,R,115,192,22,3,1,8,341,564,1,0,1,0,1,564
4617,8,8,17,15,8-13,2911,B-C,U,130,280,36,9,3,13,471,699,1,0,2,0,0,699
4304,8,8,17,14,8-29,2624,B-C,U,115,201,8,4,3,6,337,553,1,0,2,0,0,553
4144,8,8,14,14,8-66,2132,B-C,U,141,115,11,7,0,9,283,420,0,0,2,0,0,420
3991,8,8,14,13,8-100,2186,B-C,U,170,217,20,9,2,10,428,653,1,0,2,0,0,653
4191,8,8,14,14,8-87,2169,B-C,U,117,97,13,3,6,18,254,536,1,0,2,0,0,536
4163,8,8,14,14,8-69,2146,B-C,U,117,191,20,9,3,14,354,569,1,0,2,0,0,569
4029,8,8,14,13,8-100,2198,B-C,U,199,155,36,17,2,11,420,592,1,0,2,0,0,592
4647,8,8,17,15,8-8,2923,B-C,U,109,203,9,3,4,16,344,554,1,0,2,0,0,554
3954,8,8,14,13,8-91,2176,B-C,U,220,136,17,6,3,21,403,677,1,0,2,0,0,677
3975,8,8,14,13,8-95,2181,B-C,U,145,176,15,8,3,12,359,646,1,0,2,0,0,646
3973,8,8,14,13,8-95,2181,B-C,U,165,137,21,6,3,10,342,647,1,0,2,0,0,647
4290,8,8,17,14,8-30,2619,B-C,U,125,156,14,3,0,4,302,401,0,0,2,0,0,401
3930,8,8,14,13,8-68,2133,B-C,U,152,181,22,9,1,7,372,510,1,0,2,0,0,510
4655,8,8,17,15,8-16,2927,B-C,M,151,222,12,2,3,14,404,623,1,0,2,0,0,623
4130,8,8,14,14,8-65,2121,B-C,U,163,168,10,17,7,10,375,673,1,0,2,0,0,673
4158,8,8,14,14,8-81,2142,B-C,U,145,153,10,6,7,16,337,569,0,0,2,0,0,569
4333,8,8,17,14,8-34,2634,B-C,R,153,201,25,3,2,7,391,546,0,0,2,0,1,546
4217,8,8,14,14,8-41,2208,B-C,R,67,180,6,3,4,20,280,569,1,0,2,0,1,569
4090,8,8,14,13,8-58,2258,B-C,R,54,163,10,6,4,11,248,435,0,0,2,0,1,435
4079,8,8,14,13,8-52,2252,B-C,R,57,202,20,0,0,8,287,621,1,0,2,0,1,621
4650,8,8,17,15,8-8,2925,B-C,R,89,269,26,5,3,14,406,635,1,0,2,0,1,635
4317,8,8,17,14,8-19,2628,B-C,R,84,148,20,6,0,7,265,429,0,0,2,0,1,429
4351,8,8,17,14,8-34,2640,B-C,R,116,160,23,8,2,6,315,528,1,0,2,0,1,528
3377,15,9,12,11,9-69,1092,B-C,U,140,92,2,3,0,8,245,451,0,0,1,0,0,451
3523,9,9,11,12,9-31,939,B-C,U,140,292,6,2,3,9,452,589,1,0,1,0,0,589
3223,15,9,11,11,9-32,947,B-C,U,126,201,11,3,4,7,352,576,1,0,1,0,0,576
3531,9,9,11,12,9-31,948,B-C,U,170,288,10,0,3,8,479,641,1,0,1,0,0,641
3340,15,9,12,11,9-72,1074,B-C,U,176,141,17,1,3,9,347,505,1,0,1,0,0,505
3208,9,9,11,11,9-29,936,B-C,U,129,153,5,2,2,11,302,478,0,0,1,0,0,478
3654,15,9,12,12,9-74,1045,B-C,U,118,130,7,1,3,12,271,404,0,0,1,0,0,404
3648,15,9,12,12,9-67,1034,B-C,U,148,128,14,1,2,6,299,542,1,0,1,0,0,542
3279,15,9,12,11,9-57,1011,B-C,U,170,241,13,4,3,18,449,640,0,0,1,0,0,640
3289,15,9,12,11,9-59,1021,B-C,U,161,114,9,3,3,8,298,496,0,0,1,0,0,496
3291,15,9,12,11,9-59,1022,B-C,U,119,129,10,0,1,11,270,398,0,0,1,0,0,398
3218,9,9,11,11,9-36,944,B-C,U,162,260,16,4,7,9,458,623,1,0,1,0,0,623
3669,15,9,12,12,9-77,1059,B-C,U,188,216,17,2,2,8,433,708,0,1,1,0,0,708
3458,9,9,11,11,9-10,1151,B-C,M,76,184,10,1,0,18,289,538,1,0,1,0,0,538
3263,15,9,12,11,9-57,988,B-C,U,175,239,11,2,5,15,447,596,0,0,1,0,0,596
3408,15,9,12,11,9-54,1104,B-C,U,166,127,9,4,1,7,314,556,1,0,1,0,0,556
3511,9,9,11,12,9-24,930,B-C,U,179,156,8,3,2,13,361,692,1,0,1,0,0,692
3429,9,9,11,11,9-5,1122,B-C,R,89,212,7,3,3,11,325,590,1,0,1,0,1,590
