casilla_id,distrito_fed_17,distrito_fed_12,distrito_loc_17,distrito_loc_12,are,seccion,casilla,tipo_seccion,pri_pvem,pan_na,prd,pt,mc,otros,total,ln,tamano_md,tamano_gd,region,casilla_ex,rural,ln_total
4162,8,8,14,14,8-69,2146,B-C,U,152,164,16,7,2,15,356,569,1,0,2,0,0,569
4317,8,8,17,14,8-19,2628,B-C,R,84,148,20,6,0,7,265,429,0,0,2,0,1,429
3337,15,9,12,11,9-65,1069,B-C,U,143,105,15,1,1,7,272,509,1,0,1,0,0,509
4753,12,12,16,16,12-30,372,B-C,U,137,169,37,2,7,12,364,557,1,0,2,0,0,557
256,4,1,1,1,1-77,2425,B-C,R,290,156,13,1,0,18,478,476,0,0,1,0,1,476
6504,14,14,22,22,14-11,77,B-C,U,98,168,36,8,6,31,347,670,1,0,2,0,0,670
1315,6,6,7,5,6-64,1460,B-C,U,159,224,9,3,1,8,404,598,0,0,1,0,0,598
5069,14,14,9,17,14-57,289,B-C,U,172,254,28,10,4,20,488,738,1,0,2,0,0,738
1777,11,6,21,6,6-45,1614,B-C,U,208,224,10,3,5,5,455,726,0,1,1,0,0,726
4663,8,8,17,15,8-17,2930,B-C,U,120,200,8,2,5,13,348,576,1,0,2,0,0,576
4650,8,8,17,15,8-8,2925,B-C,R,89,269,26,5,3,14,406,635,1,0,2,0,1,635
4290,8,8,17,14,8-30,2619,B-C,U,125,156,14,3,0,4,302,401,0,0,2,0,0,401
3131,9,7,13,10,7-67,2678,B-C,U,129,134,12,3,2,6,286,604,1,0,1,0,0,604
6650,14,14,22,22,14-79,1206,B-C,U,109,112,97,1,4,13,336,525,1,0,2,0,0,525
1588,5,5,5,5,5-73,3015,B-C,U,122,185,0,1,0,11,319,390,1,0,1,0,0,390
3176,9,7,13,10,7-90,2719,B-C,M,159,160,6,3,0,17,345,622,1,0,1,0,0,622
3185,9,7,13,10,7-93,2725,B-C,R,114,122,18,6,1,0,261,564,1,0,1,0,1,564
5824,13,13,19,19,13-79,2860,B-C,M,37,124,73,1,0,7,242,381,1,0,2,0,0,381
5718,13,13,19,19,13-55,2816,B-C,U,95,236,45,8,4,14,402,685,1,0,2,0,0,685
5024,14,14,22,17,14-43,262,B-C,R,67,108,18,6,12,16,227,490,0,0,2,0,1,490
271,4,1,1,1,1-92,2434,B-C,R,134,61,13,3,0,9,220,385,0,0,1,0,1,385
4499,12,13,15,15,13-6,468,B-C,U,113,203,16,6,0,10,348,532,1,0,2,0,0,532
6614,14,14,22,22,14-34,136,B-C,M,33,195,65,5,0,25,323,605,1,0,2,0,0,605
3628,15,9,12,12,9-63,1015,B-C,U,183,216,29,2,7,10,447,701,0,0,1,0,0,701
1848,11,6,6,6,6-9,1665,B-C,R,209,129,18,2,4,17,379,613,1,0,1,0,1,613
1765,11,6,6,6,6-51,1612,B-C,U,195,115,10,2,1,11,334,544,1,0,1,0,0,544
1801,5,6,6,6,6-83,1627,B-C,U,188,142,14,7,2,25,378,677,1,0,1,0,0,677
5695,13,13,19,19,13-50,1192,E,R,185,188,13,5,5,28,424,551,1,0,2,1,1,551
2300,4,4,8,8,4-63,876,B-C,M,149,155,20,3,3,8,338,650,1,0,1,0,0,650
3263,15,9,12,11,9-57,988,B-C,U,175,239,11,2,5,15,447,596,0,0,1,0,0,596
1568,5,5,5,5,5-78,3007,B-C,U,136,180,5,3,2,20,346,499,0,0,1,0,0,499
5394,13,11,10,18,11-85,725,B-C,U,136,145,80,1,3,39,404,635,1,0,1,0,0,635
4023,8,8,14,13,8-93,2196,B-C,U,124,140,17,4,1,11,297,434,0,0,2,0,0,434
5630,7,11,18,18,11-26,2022,B-C,R,182,92,3,0,0,7,284,544,0,0,1,0,1,544
4699,12,12,16,16,12-26,340,B-C,U,149,143,33,8,2,19,354,612,1,0,2,0,0,612
5161,14,14,9,17,14-72,328,B-C,M,120,151,12,2,7,12,304,538,1,0,2,0,0,538
4866,12,12,15,16,12-16,473,B-C,U,183,164,17,7,8,18,397,732,1,0,2,0,0,732
2405,9,7,13,8,7-60,2655,B-C,U,154,168,10,9,1,0,342,654,1,0,1,0,0,654
1593,5,5,5,5,5-82,3018,B-C,U,131,112,6,0,0,6,255,422,0,0,1,0,0,422
77,4,1,1,1,1-100,1894,B-C,U,143,175,12,2,0,4,336,465,0,0,1,0,0,465
1049,3,3,3,4,3-26,1315,B-C,U,144,143,4,0,2,7,300,464,0,0,1,0,0,464
747,3,5,7,3,5-25,1709,B-C,U,190,246,6,2,1,19,464,724,1,0,1,0,0,724
4656,8,8,17,15,8-17,2928,B-C,M,94,183,6,2,1,9,295,467,0,0,2,0,0,467
5988,10,10,20,20,10-47,2646,B-C,U,173,290,1,4,1,8,477,663,0,0,2,0,0,663
2774,1,4,8,9,4-11,775,B-C,U,199,188,23,5,8,12,435,694,1,0,1,0,0,694
3807,13,11,18,13,11-62,2,B-C,U,115,288,8,1,0,3,415,616,1,0,1,0,0,616
303,1,2,2,2,2-93,741,B-C,M,156,272,17,2,17,21,485,669,1,0,2,0,0,669
3340,15,9,12,11,9-72,1074,B-C,U,176,141,17,1,3,9,347,505,1,0,1,0,0,505
2305,4,4,8,8,4-65,878,B-C,M,183,231,31,2,3,10,460,748,0,1,1,0,0,748
3941,8,8,14,13,8-69,2151,B-C,U,113,131,29,12,3,15,303,469,0,0,2,0,0,469
1774,11,6,21,6,6-45,1614,B-C,U,205,223,19,2,0,9,458,726,0,1,1,0,0,726
681,3,5,3,3,5-10,1681,B-C,U,199,237,12,2,1,11,462,734,0,1,1,0,0,734
4647,8,8,17,15,8-8,2923,B-C,U,109,203,9,3,4,16,344,554,1,0,2,0,0,554
5293,14,10,15,17,10-56,2763,B-C,R,162,163,13,2,0,10,350,620,1,0,2,0,1,620
3528,9,4,11,12,4-89,941,B-C,U,141,233,13,6,3,14,410,564,1,0,1,0,0,564
6313,10,10,20,21,10-18,2269,B-C,U,99,159,18,5,3,16,300,489,0,0,2,0,0,489
6101,10,10,20,20,10-79,2962,B-C,U,127,148,13,28,3,25,344,557,1,0,2,0,0,557
1413,5,5,5,5,5-66,1787,B-C,U,186,154,10,1,2,5,358,628,1,0,1,0,0,628
4153,8,8,14,14,8-82,2139,B-C,U,100,129,10,7,3,8,257,388,0,0,2,0,0,388
6529,14,14,22,22,14-15,86,B-C,U,90,124,96,6,3,29,348,686,1,0,2,0,0,686
1784,11,6,21,6,6-48,1615,B-C,U,152,136,10,2,1,5,306,450,0,0,1,0,0,450
3581,9,4,12,12,4-92,980,B-C,U,183,110,15,3,1,15,327,744,0,1,1,0,0,744
2771,1,4,8,9,4-11,775,B-C,U,188,165,10,6,4,20,393,694,1,0,1,0,0,694
1340,3,5,3,5,5-87,1477,B-C,M,192,187,7,3,0,3,392,734,0,1,1,0,0,734
2446,9,7,13,8,7-62,2671,B-C,U,147,198,18,0,1,22,386,601,1,0,1,0,0,601
2444,9,7,13,8,7-72,2670,B-C,U,166,170,16,1,4,9,366,628,1,0,1,0,0,628
1333,3,5,3,5,5-87,1477,B-C,M,164,182,10,6,2,4,368,733,0,1,1,0,0,733
1367,5,5,5,5,5-52,1493,B-C,U,181,135,7,2,2,18,345,674,1,0,1,0,0,674
5926,10,10,20,20,10-3,1866,B-C,U,76,151,21,4,7,5,264,403,0,0,2,0,0,403
5582,7,11,18,18,11-6,1996,B-C,R,73,180,40,9,0,28,330,703,1,0,1,0,1,703
1997,6,6,7,7,6-55,1518,S,U,34,46,3,2,1,7,93,0,1,0,1,0,0,93
6039,10,10,20,20,10-70,2803,B-C,U,107,211,9,2,0,0,329,544,1,0,2,0,0,544
910,3,3,3,4,3-1,1266,B-C,U,236,160,8,2,1,23,430,746,1,0,1,0,0,746
5987,10,10,20,20,10-47,2645,B-C,U,125,186,0,0,0,7,318,420,0,0,2,0,0,420
103,4,1,1,1,1-104,1909,B-C,R,76,151,6,0,0,7,240,315,0,0,1,0,1,315
2676,2,2,9,9,2-42,212,B-C,R,82,100,14,1,1,9,207,376,0,0,2,0,1,376
2279,4,4,8,8,4-56,867,B-C,U,211,178,21,11,6,17,444,591,1,0,1,0,0,591
779,5,5,5,3,5-37,1724,B-C,U,198,121,10,5,1,6,341,514,1,0,1,0,0,514
6286,10,13,19,21,13-41,708,B-C,R,110,162,6,3,1,14,296,552,1,0,2,0,1,552
485,1,1,2,2,1-40,2579,B-C,R,114,184,45,18,2,34,397,648,1,0,2,0,1,648
3790,15,9,12,12,9-17,1167,B-C,M,181,131,8,0,0,13,333,565,1,0,1,0,0,565
1163,6,3,4,4,3-54,1391,B-C,U,155,261,7,4,3,10,440,642,1,0,1,0,0,642
2839,7,7,10,10,7-1,2036,B-C,U,126,230,2,0,1,12,371,666,0,1,1,0,0,666
3113,7,7,10,10,7-57,2501,B-C,R,61,164,3,0,0,13,241,402,0,0,1,0,1,402
1834,11,6,6,6,6-12,1657,B-C,R,254,162,2,1,1,4,424,698,1,0,1,0,1,698
4805,12,12,16,16,12-17,426,B-C,U,113,131,11,1,1,6,263,468,0,0,2,0,0,468
1205,3,3,4,4,3-15,1481,E,M,165,141,8,7,3,12,336,507,1,0,1,1,0,507
3828,13,11,18,13,11-64,10,B-C,U,124,249,3,2,1,9,388,572,1,0,1,0,0,572
4142,8,8,14,14,8-82,2129,B-C,U,177,175,28,11,14,19,424,627,1,0,2,0,0,627
3657,15,9,12,12,9-74,1047,B-C,U,142,125,7,3,1,10,288,456,0,0,1,0,0,456
2283,4,4,8,8,4-60,869,B-C,U,174,83,14,7,2,17,297,545,1,0,1,0,0,545
6662,14,14,22,22,14-80,1214,B-C,R,83,120,18,2,0,17,240,427,0,0,2,0,1,427
1542,5,6,6,5,6-80,1848,B-C,U,174,169,8,4,1,6,362,549,1,0,1,0,0,549
611,1,1,2,2,1-14,2943,B-C,R,158,99,2,0,0,11,270,345,0,0,2,0,1,345
4617,8,8,17,15,8-13,2911,B-C,U,130,280,36,9,3,13,471,699,1,0,2,0,0,699
3479,15,9,12,11,9-20,1162,B-C,M,129,239,14,6,0,10,398,625,1,0,1,0,0,625
1575,5,5,5,5,5-78,3010,B-C,U,124,150,5,2,3,4,288,420,0,0,1,0,0,420
1230,3,3,4,4,3-78,1496,B-C,NA,198,134,6,2,0,12,352,746,0,1,1,0,0,746
1549,5,6,6,5,6-81,1851,B-C,U,201,191,4,4,1,16,417,655,1,0,1,0,0,655
297,1,1,2,2,1-5,335,B-C,R,230,156,1,0,1,0,388,489,0,0,2,0,1,489
3531,9,9,11,12,9-31,948,B-C,U,170,288,10,0,3,8,479,641,1,0,1,0,0,641
1181,20,3,21,4,3-70,1392,B-C,NA,206,237,10,2,4,11,470,733,0,1,1,0,0,733
563,1,2,2,2,2-91,2785,B-C,R,119,185,83,2,1,12,402,550,1,0,2,0,1,550
179,4,1,1,1,1-88,2385,B-C,U,236,112,14,1,2,0,365,615,1,0,1,0,0,615
1974,6,3,7,7,3-62,1439,B-C,U,133,233,10,3,4,15,398,533,1,0,1,0,0,533
2,1,4,1,1,4-1,752,B-C,M,123,178,11,5,2,22,341,633,1,0,1,0,0,633
3648,15,9,12,12,9-67,1034,B-C,U,148,128,14,1,2,6,299,542,1,0,1,0,0,542
1466,5,5,5,5,5-76,1809,B-C,U,212,191,12,8,2,5,430,729,1,0,1,0,0,729
6429,10,10,20,21,10-40,2333,B-C,U,68,176,25,2,1,10,282,546,1,0,2,0,0,546
6091,10,10,20,20,10-82,2959,B-C,U,113,222,28,56,1,21,441,648,1,0,2,0,0,648
6194,10,13,19,21,13-22,668,B-C,U,227,218,21,7,5,15,493,743,1,0,2,0,0,743
1425,5,5,7,5,5-59,1792,B-C,U,235,182,15,4,7,16,459,690,1,0,1,0,0,690
109,4,1,1,1,1-63,2347,B-C,U,201,199,12,20,1,9,442,648,1,0,1,0,0,648
3923,13,8,18,13,8-4,2031,B-C,R,93,249,12,3,1,12,370,540,1,0,1,0,1,540
5769,13,13,19,19,13-65,2839,B-C,U,39,166,60,0,2,14,281,509,1,0,2,0,0,509
806,5,5,7,3,5-28,1737,B-C,U,141,172,3,2,2,6,326,515,1,0,1,0,0,515
4843,12,12,15,16,12-13,460,B-C,U,106,229,36,7,8,11,397,629,1,0,2,0,0,629
4434,12,12,15,15,12-8,387,B-C,U,182,208,24,5,7,17,443,715,1,0,2,0,0,715
5111,14,14,9,17,14-63,305,B-C,R,147,124,39,3,2,29,344,700,1,0,2,0,1,700
1175,20,3,21,4,3-70,1392,B-C,NA,165,235,11,7,5,15,438,733,0,1,1,0,0,733
6667,14,14,22,22,14-85,1217,B-C,R,97,107,10,2,0,12,228,505,0,0,2,0,1,505
3148,9,7,13,10,7-84,2700,B-C,U,112,214,7,1,0,27,361,564,1,0,1,0,0,564
4333,8,8,17,14,8-34,2634,B-C,R,153,201,25,3,2,7,391,546,0,0,2,0,1,546
3458,9,9,11,11,9-10,1151,B-C,M,76,184,10,1,0,18,289,538,1,0,1,0,0,538
40,1,4,1,1,4-17,785,B-C,R,138,122,8,6,1,6,281,559,1,0,1,0,1,559
583,1,1,2,2,1-26,2899,E,R,236,181,55,2,0,15,489,700,1,0,2,1,1,700
1743,11,6,6,6,6-76,1602,B-C,U,190,178,9,1,2,22,402,667,0,0,1,0,0,667
3186,9,7,13,10,7-93,2725,B-C,R,115,192,22,3,1,8,341,564,1,0,1,0,1,564
3481,15,9,11,11,9-22,1164,B-C,R,121,184,7,3,0,9,324,609,1,0,1,0,1,609
980,3,3,3,4,3-8,1289,B-C,U,198,117,14,0,0,9,338,562,1,0,1,0,0,562
4888,2,12,16,16,12-68,501,B-C,U,111,265,16,6,10,12,420,681,1,0,2,0,0,681
5816,13,13,19,19,13-77,2856,B-C,R,42,174,129,1,1,27,374,638,1,0,2,0,1,638
2626,2,2,9,9,2-30,182,B-C,R,149,225,6,3,2,9,394,703,0,0,2,0,1,703
1024,3,3,4,4,3-21,1306,B-C,U,221,202,9,1,1,7,441,709,1,0,1,0,0,709
4715,12,12,16,16,12-22,343,B-C,U,177,198,43,10,4,13,445,746,0,1,2,0,0,746
2977,13,7,13,10,7-27,2107,B-C,R,84,132,22,2,1,17,258,446,0,0,1,0,1,446
5613,7,11,18,18,11-23,2014,B-C,R,102,67,0,3,0,6,178,431,0,0,1,0,1,431
656,3,5,3,3,5-5,1478,B-C,R,172,244,8,4,2,11,441,628,0,0,1,0,1,628
6190,10,13,19,21,13-21,666,B-C,U,121,154,25,2,3,9,314,525,1,0,2,0,0,525
3723,9,4,11,12,4-98,1117,B-C,M,191,178,13,3,2,13,400,698,1,0,1,0,0,698
4998,14,14,22,17,14-37,250,B-C,U,81,166,15,4,78,24,368,557,1,0,2,0,0,557
5064,14,14,22,17,14-53,286,B-C,R,201,127,8,5,26,11,378,625,1,0,2,0,1,625
1961,6,3,7,7,3-60,1431,B-C,U,129,124,8,2,2,8,273,373,0,0,1,0,0,373
4158,8,8,14,14,8-81,2142,B-C,U,145,153,10,6,7,16,337,569,0,0,2,0,0,569
6439,10,10,20,21,10-42,2338,B-C,R,74,237,9,9,2,18,349,695,1,0,2,0,1,695
3843,13,11,18,13,11-78,17,B-C,M,131,134,77,8,1,35,386,659,1,0,1,0,0,659
2367,4,4,8,8,4-79,903,E,R,122,103,32,1,2,10,270,460,1,0,1,1,1,460
1860,3,3,7,7,3-48,1358,B-C,U,152,133,10,12,3,13,323,487,0,0,1,0,0,487
819,5,5,5,3,5-56,1742,B-C,U,146,166,7,3,2,11,335,578,1,0,1,0,0,578
3395,15,9,11,11,9-49,1099,B-C,U,171,184,8,5,2,13,383,684,0,1,1,0,0,684
535,1,1,2,2,1-56,2601,B-C,R,169,134,12,3,2,15,335,579,1,0,2,0,1,579
3730,9,4,11,12,4-99,1119,B-C,M,117,148,8,1,1,9,284,620,1,0,1,0,0,620
6638,14,14,22,22,14-76,658,B-C,R,142,216,92,9,0,26,485,705,0,0,2,0,1,705
2250,4,4,8,8,4-52,853,B-C,U,212,95,23,2,3,9,344,679,1,0,1,0,0,679
5595,7,11,18,18,11-22,2004,B-C,R,203,178,15,3,2,9,410,689,0,0,1,0,1,689
4972,12,12,15,16,12-82,558,B-C,U,64,194,7,2,2,3,272,517,1,0,2,0,0,517
1573,5,5,5,5,5-79,3009,B-C,U,142,131,8,0,1,8,290,486,0,0,1,0,0,486
3883,13,11,18,13,11-67,36,B-C,R,94,110,7,1,3,6,221,404,0,0,1,0,1,404
2304,4,4,8,8,4-65,878,B-C,M,199,186,32,7,3,14,441,748,0,1,1,0,0,748
548,1,2,2,2,2-88,2778,B-C,M,242,195,58,5,2,26,528,688,1,0,2,0,0,688
4710,12,12,16,16,12-23,342,B-C,U,143,174,19,10,1,6,353,742,1,0,2,0,0,742
1401,5,5,7,5,5-45,1781,B-C,U,169,152,8,2,0,8,339,543,1,0,1,0,0,543
4776,12,12,16,16,12-5,398,B-C,U,134,168,15,2,1,10,330,523,1,0,2,0,0,523
267,4,1,1,1,1-82,2431,B-C,R,93,104,5,2,0,15,219,385,0,0,1,0,1,385
1389,5,6,6,5,6-87,1502,B-C,U,214,105,10,2,1,9,341,656,1,0,1,0,0,656
3523,9,9,11,12,9-31,939,B-C,U,140,292,6,2,3,9,452,589,1,0,1,0,0,589
2493,9,7,13,8,7-79,2699,B-C,R,69,82,35,0,0,15,201,381,1,0,1,0,1,381
5322,7,11,10,18,11-99,569,B-C,U,188,228,11,4,0,14,445,691,0,0,1,0,0,691
6678,14,14,22,22,14-83,1225,B-C,R,47,79,104,3,6,27,266,576,1,0,2,0,1,576
4406,12,12,15,15,12-49,369,B-C,U,128,177,30,4,4,18,361,499,0,0,2,0,0,499
5623,7,11,18,18,11-25,2018,B-C,R,28,178,31,6,1,0,244,586,1,0,1,0,1,586
3065,7,7,10,10,7-43,2479,B-C,U,130,206,8,1,1,5,351,589,1,0,1,0,0,589
5289,14,10,15,17,10-55,2761,B-C,R,192,160,27,3,2,10,394,644,1,0,2,0,1,644
2033,11,6,21,7,6-39,1619,B-C,U,143,180,16,5,4,7,355,498,0,0,1,0,0,498
3701,15,9,12,12,9-83,1094,B-C,U,197,213,14,3,1,7,435,679,1,0,1,0,0,679
896,3,5,3,4,5-3,1261,B-C,M,206,130,2,5,1,12,356,611,1,0,1,0,0,611
5591,7,11,18,18,11-21,2002,B-C,R,222,94,5,1,0,13,335,541,1,0,1,0,1,541
2762,1,4,8,9,4-8,772,B-C,U,161,172,13,15,5,12,378,644,1,0,1,0,0,644
5280,14,10,15,17,10-52,2753,B-C,U,86,109,50,1,1,16,263,428,0,0,2,0,0,428
5141,14,14,9,17,14-69,320,B-C,R,158,202,18,3,5,16,402,620,1,0,2,0,1,620
5587,7,11,18,18,11-20,1999,B-C,R,251,104,18,0,0,0,373,583,0,0,1,0,1,583
4163,8,8,14,14,8-69,2146,B-C,U,117,191,20,9,3,14,354,569,1,0,2,0,0,569
5325,7,11,10,18,11-98,571,B-C,U,165,194,13,6,3,6,387,637,1,0,1,0,0,637
685,3,5,3,3,5-11,1681,B-C,U,203,234,12,3,5,11,468,734,0,1,1,0,0,734
798,5,5,5,3,5-47,1733,B-C,U,163,177,16,0,3,10,369,618,1,0,1,0,0,618
963,3,3,4,4,3-13,1285,B-C,U,199,258,20,3,1,7,488,737,0,1,1,0,0,737
2638,2,2,9,9,2-34,188,B-C,R,119,151,6,1,1,21,299,532,1,0,2,0,1,532
3990,8,8,14,13,8-100,2186,B-C,U,157,201,17,9,9,15,408,653,1,0,2,0,0,653
1073,6,3,7,4,3-30,1323,B-C,U,191,141,7,2,1,11,353,638,1,0,1,0,0,638
5494,7,11,18,18,11-35,1952,B-C,R,78,136,3,2,1,4,224,393,0,0,1,0,1,393
6222,10,13,19,21,13-29,681,B-C,U,185,178,30,8,4,10,415,653,1,0,2,0,0,653
5341,7,11,10,18,11-102,580,B-C,R,61,41,4,0,0,8,114,264,0,0,1,0,1,264
3975,8,8,14,13,8-95,2181,B-C,U,145,176,15,8,3,12,359,646,1,0,2,0,0,646
340,2,2,2,2,2-79,2510,B-C,U,196,125,47,7,2,13,390,612,1,0,2,0,0,612
6055,10,10,20,20,10-73,2809,B-C,U,122,159,30,7,1,16,335,666,1,0,2,0,0,666
758,3,5,3,3,5-22,1714,B-C,U,165,171,9,3,1,15,364,502,1,0,1,0,0,502
2427,9,7,13,8,7-63,2662,B-C,U,145,191,23,5,4,0,368,570,1,0,1,0,0,570
1772,11,6,6,6,6-49,1613,B-C,U,248,229,13,3,1,14,508,738,1,0,1,0,0,738
4717,12,12,16,16,12-22,343,B-C,U,183,216,25,10,4,16,454,745,0,1,2,0,0,745
6625,14,14,22,22,14-34,140,B-C,R,41,83,62,9,0,23,218,547,1,0,2,0,1,547
1895,6,3,7,7,3-50,1380,B-C,U,128,136,0,1,0,10,275,407,0,0,1,0,0,407
3669,15,9,12,12,9-77,1059,B-C,U,188,216,17,2,2,8,433,708,0,1,1,0,0,708
3608,15,9,12,12,9-60,996,B-C,U,121,183,5,2,0,12,323,508,0,0,1,0,0,508
5435,7,11,18,18,11-43,1919,B-C,U,183,250,9,0,3,10,455,662,0,0,1,0,0,662
1299,5,5,7,5,5-30,1423,B-C,U,86,132,4,3,3,6,234,327,0,0,1,0,0,327
5738,13,13,19,19,13-59,2825,B-C,U,50,184,43,3,2,15,297,507,1,0,2,0,0,507
4130,8,8,14,14,8-65,2121,B-C,U,163,168,10,17,7,10,375,673,1,0,2,0,0,673
6366,10,10,20,21,10-27,2298,B-C,U,62,183,5,0,3,12,265,445,0,0,2,0,0,445
1981,6,3,21,7,3-63,1450,B-C,U,198,281,14,3,2,14,512,738,1,0,1,0,0,738
2652,2,2,9,9,2-28,197,B-C,R,122,202,17,6,1,20,368,693,1,0,2,0,1,693
2024,11,6,21,7,6-36,1585,B-C,U,182,212,13,6,2,9,424,679,1,0,1,0,0,679
5201,2,2,17,17,2-64,623,B-C,U,84,195,18,1,3,11,312,558,1,0,2,0,0,558
3031,7,7,10,10,7-41,2470,B-C,U,114,254,4,1,0,7,380,604,1,0,1,0,0,604
4192,8,8,14,14,8-87,2170,B-C,U,114,153,9,8,7,15,306,498,0,0,2,0,0,498
6096,10,10,20,20,10-81,2960,B-C,U,109,158,13,67,2,17,366,684,1,0,2,0,0,684
2732,1,4,8,9,4-6,761,B-C,U,156,155,12,2,6,22,353,649,1,0,1,0,0,649
4304,8,8,17,14,8-29,2624,B-C,U,115,201,8,4,3,6,337,553,1,0,2,0,0,553
2036,11,6,21,7,6-31,1620,B-C,U,177,178,15,4,3,15,392,684,0,1,1,0,0,684
6031,10,10,20,20,10-68,2800,B-C,U,190,211,15,4,0,18,438,748,1,0,2,0,0,748
5137,14,14,9,17,14-68,317,B-C,R,264,330,7,7,2,12,622,384,0,0,2,0,1,384
3654,15,9,12,12,9-74,1045,B-C,U,118,130,7,1,3,12,271,404,0,0,1,0,0,404
1986,6,3,21,7,3-65,1452,B-C,U,198,189,9,1,5,11,413,641,1,0,1,0,0,641
5193,2,2,17,17,2-50,619,B-C,U,94,264,10,5,7,11,391,685,1,0,2,0,0,685
6515,14,14,22,22,14-13,81,B-C,U,120,216,43,4,5,22,410,652,1,0,2,0,0,652
6049,10,10,20,20,10-71,2807,B-C,U,198,218,12,2,3,13,446,700,1,0,2,0,0,700
286,4,1,1,1,1-94,2444,B-C,R,154,165,4,2,1,14,340,558,0,0,1,0,1,558
2888,7,7,10,10,7-12,2052,B-C,R,144,316,2,1,0,0,463,713,1,0,1,0,1,713
2540,2,2,9,9,2-6,146,B-C,U,137,176,10,3,5,22,353,608,1,0,2,0,0,608
5869,13,13,19,19,13-90,2875,B-C,R,16,158,64,3,1,21,263,422,1,0,2,0,1,422
628,3,5,3,3,5-1,1269,B-C,M,220,118,5,3,2,15,363,630,1,0,1,0,0,630
1793,11,6,6,6,6-71,1624,B-C,U,159,136,0,11,0,0,306,484,0,0,1,0,0,484
5658,13,11,18,19,11-51,925,B-C,R,172,152,80,8,0,18,430,674,1,0,1,0,1,674
559,1,2,2,2,2-92,2783,B-C,R,117,268,160,4,3,22,574,726,1,0,2,0,1,726
2090,11,6,21,7,6-37,1635,B-C,U,183,224,16,2,2,12,439,711,1,0,1,0,0,711
1811,11,6,6,6,6-53,1637,B-C,U,192,176,4,1,2,15,390,611,1,0,1,0,0,611
6086,10,10,20,20,10-80,2956,B-C,U,124,229,23,43,2,14,435,678,1,0,2,0,0,678
370,2,2,2,2,2-71,2524,B-C,M,200,187,26,5,8,19,445,713,1,0,2,0,0,713
1540,5,5,5,5,5-70,1847,B-C,U,192,256,12,3,6,7,476,734,1,0,1,0,0,734
4217,8,8,14,14,8-41,2208,B-C,R,67,180,6,3,4,20,280,569,1,0,2,0,1,569
100,4,1,1,1,1-102,1907,B-C,M,53,111,72,4,1,22,263,446,0,0,1,0,0,446
2895,7,7,10,10,7-14,2057,B-C,R,87,111,4,0,0,14,216,376,0,0,1,0,1,376
574,1,1,2,2,1-21,2892,B-C,M,130,223,47,2,0,10,412,564,1,0,2,0,0,564
4351,8,8,17,14,8-34,2640,B-C,R,116,160,23,8,2,6,315,528,1,0,2,0,1,528
1076,3,3,7,4,3-31,1325,B-C,U,146,145,9,1,1,6,308,605,1,0,1,0,0,605
414,1,1,2,2,1-44,2544,B-C,U,146,168,24,5,7,24,374,700,1,0,2,0,0,700
1621,6,6,7,6,6-57,1520,B-C,U,173,176,8,2,2,7,368,450,0,0,1,0,0,450
5684,13,13,19,19,13-45,1187,B-C,U,175,185,17,1,3,6,387,570,1,0,2,0,0,570
4,1,4,1,1,4-3,753,B-C,U,168,217,18,8,5,14,430,736,1,0,1,0,0,736
1357,5,5,5,5,5-51,1491,B-C,U,203,152,5,2,0,8,370,633,1,0,1,0,0,633
3429,9,9,11,11,9-5,1122,B-C,R,89,212,7,3,3,11,325,590,1,0,1,0,1,590
500,1,1,2,2,1-35,2586,B-C,R,124,166,20,43,9,26,388,678,1,0,2,0,1,678
4682,12,12,16,16,12-38,336,B-C,U,166,198,29,7,7,8,415,728,0,1,2,0,0,728
2903,13,7,13,10,7-17,2061,B-C,U,144,117,45,1,4,10,321,503,1,0,1,0,0,503
4694,12,12,16,16,12-27,339,B-C,U,152,219,28,5,3,16,423,647,1,0,2,0,0,647
338,2,2,2,2,2-69,2509,B-C,U,147,98,36,8,0,9,298,432,0,0,2,0,0,432
3289,15,9,12,11,9-59,1021,B-C,U,161,114,9,3,3,8,298,496,0,0,1,0,0,496
5187,2,2,17,17,2-50,616,B-C,U,73,194,12,1,5,9,294,516,1,0,2,0,0,516
2791,1,4,1,9,4-29,804,B-C,R,125,131,6,1,1,5,269,472,1,0,1,0,1,472
6252,10,13,19,21,13-32,692,B-C,U,146,197,24,5,2,15,389,664,1,0,2,0,0,664
1314,5,5,7,5,5-32,1459,B-C,U,191,194,18,2,2,10,417,617,0,0,1,0,0,617
2370,4,4,8,8,4-82,904,E,R,109,88,15,0,0,9,221,342,1,0,1,1,1,342
3108,7,7,10,10,7-57,2498,B-C,R,156,67,13,2,2,9,249,457,0,0,1,0,1,457
5651,13,11,18,19,11-56,922,B-C,R,163,141,49,5,2,0,360,531,1,0,1,0,1,531
4599,12,13,15,15,13-16,541,B-C,R,69,252,14,3,0,9,347,570,1,0,2,0,1,570
1009,3,3,4,4,3-16,1301,B-C,U,195,193,5,3,2,12,410,636,1,0,1,0,0,636
1444,5,5,7,5,5-43,1799,B-C,U,199,190,4,0,1,1,395,603,0,0,1,0,0,603
1680,11,6,21,6,6-43,1559,B-C,U,182,230,20,1,2,8,443,669,1,0,1,0,0,669
867,5,5,5,3,5-58,1765,B-C,U,164,232,4,2,2,8,412,674,1,0,1,0,0,674
1979,6,3,7,7,3-60,1443,B-C,U,158,163,0,0,0,8,329,493,0,0,1,0,0,493
3279,15,9,12,11,9-57,1011,B-C,U,170,241,13,4,3,18,449,640,0,0,1,0,0,640
493,1,1,2,2,1-53,2583,B-C,R,85,178,13,1,0,13,290,538,1,0,2,0,1,538
1033,6,3,4,4,3-22,1309,B-C,U,178,137,4,4,4,11,338,612,1,0,1,0,0,612
2220,4,4,8,8,4-44,836,B-C,U,169,80,35,6,3,6,299,546,1,0,1,0,0,546
1473,5,5,5,5,5-60,1813,B-C,U,229,211,7,1,2,19,469,635,1,0,1,0,0,635
2830,7,7,10,10,7-2,2035,B-C,U,151,314,3,4,2,7,481,748,1,0,1,0,0,748
1449,5,5,7,5,5-60,1802,B-C,U,187,227,8,3,2,11,438,625,1,0,1,0,0,625
3415,15,9,12,11,9-52,1106,B-C,U,169,111,13,2,2,7,304,605,1,0,1,0,0,605
4761,12,12,16,16,12-30,376,B-C,U,161,249,38,11,10,11,480,687,1,0,2,0,0,687
120,4,1,1,1,1-60,2354,B-C,R,89,162,22,8,0,14,295,481,0,0,1,0,1,481
684,3,5,3,3,5-11,1681,B-C,U,218,235,14,5,2,11,485,734,0,1,1,0,0,734
3848,13,11,18,13,11-77,20,B-C,R,194,122,9,5,2,16,348,614,1,0,1,0,1,614
3764,9,4,11,12,4-104,1140,B-C,R,103,143,5,1,5,20,277,446,1,0,1,0,1,446
4652,8,8,17,15,8-7,2926,B-C,R,144,171,17,4,12,16,364,565,0,0,2,0,1,565
5794,13,13,19,19,13-70,2847,B-C,U,46,170,74,3,4,19,316,591,1,0,2,0,0,591
6438,10,10,20,21,10-42,2338,B-C,R,51,284,15,6,2,22,380,695,1,0,2,0,1,695
4407,12,12,15,15,12-49,369,B-C,U,129,177,20,7,4,18,355,499,0,0,2,0,0,499
5330,7,11,10,18,11-97,574,B-C,U,183,178,9,12,0,11,393,635,1,0,1,0,0,635
6689,14,14,22,22,14-92,1232,B-C,R,49,94,21,1,2,5,172,389,0,0,2,0,1,389
4838,12,12,15,16,12-17,458,B-C,U,181,155,19,6,4,44,409,694,0,0,2,0,0,694
933,3,3,4,4,3-5,1277,B-C,U,232,202,5,9,0,15,463,731,1,0,1,0,0,731
2615,2,2,9,9,2-15,175,S,M,37,53,10,1,2,4,107,0,1,0,2,0,0,107
3973,8,8,14,13,8-95,2181,B-C,U,165,137,21,6,3,10,342,647,1,0,2,0,0,647
5032,14,14,22,17,14-44,265,B-C,U,112,142,61,4,12,19,350,605,1,0,2,0,0,605
3128,9,7,13,10,7-66,2677,B-C,U,123,110,9,0,2,9,253,522,1,0,1,0,0,522
5406,13,11,10,18,11-87,732,B-C,R,68,115,48,1,0,15,247,387,0,0,1,0,1,387
6206,10,13,19,21,13-24,674,B-C,U,221,243,29,13,1,17,524,749,0,0,2,0,0,749
2813,1,4,8,9,4-34,815,B-C,R,91,103,5,8,4,0,211,401,0,0,1,0,1,401
6121,10,10,20,20,10-88,2973,B-C,R,138,102,51,9,5,26,331,405,0,0,2,0,1,405
5213,2,2,17,17,2-53,629,B-C,R,59,94,3,2,2,6,166,388,0,0,2,0,1,388
2393,4,4,8,8,4-86,914,B-C,R,100,187,6,1,1,9,304,575,1,0,1,0,1,575
3218,9,9,11,11,9-36,944,B-C,U,162,260,16,4,7,9,458,623,1,0,1,0,0,623
6118,10,10,20,20,10-87,2971,B-C,R,88,103,13,8,1,13,226,436,0,0,2,0,1,436
1634,6,6,7,6,6-55,1530,B-C,U,158,211,7,2,1,8,387,608,1,0,1,0,0,608
6409,10,10,20,21,10-36,2324,B-C,M,120,109,16,3,2,12,262,542,1,0,2,0,0,542
4676,12,12,16,16,12-39,336,B-C,U,147,218,32,5,8,11,421,727,0,1,2,0,0,727
6642,14,14,22,22,14-75,661,B-C,R,83,81,58,6,1,17,246,410,0,0,2,0,1,410
1032,6,3,4,4,3-24,1308,B-C,U,170,160,8,1,0,7,346,645,1,0,1,0,0,645
860,5,5,7,3,5-40,1762,B-C,U,130,128,4,3,0,5,270,407,0,0,1,0,0,407
3162,9,7,13,10,7-87,2710,B-C,R,150,186,8,4,6,8,362,700,1,0,1,0,1,700
591,1,1,2,2,1-28,2903,B-C,R,145,160,50,3,1,14,373,540,1,0,2,0,1,540
4112,8,8,14,14,8-78,2112,B-C,U,169,169,16,24,2,7,387,543,1,0,2,0,0,543
50,1,4,1,1,4-17,792,B-C,R,117,150,5,2,0,0,274,519,1,0,1,0,1,519
3511,9,9,11,12,9-24,930,B-C,U,179,156,8,3,2,13,361,692,1,0,1,0,0,692
122,4,1,1,1,1-64,2355,B-C,R,81,74,4,21,0,7,187,311,0,0,1,0,1,311
1684,11,6,21,6,6-43,1566,B-C,U,236,212,15,4,5,13,485,690,1,0,1,0,0,690
3208,9,9,11,11,9-29,936,B-C,U,129,153,5,2,2,11,302,478,0,0,1,0,0,478
1085,3,3,7,4,3-33,1330,B-C,U,199,243,7,4,4,17,474,745,1,0,1,0,0,745
830,5,5,5,3,5-56,1747,B-C,U,172,183,6,1,0,11,373,603,1,0,1,0,0,603
123,4,1,1,1,1-64,2356,B-C,M,131,186,15,36,1,19,388,611,1,0,1,0,0,611
5238,2,2,17,17,2-68,641,B-C,R,65,259,19,2,6,14,365,718,1,0,2,0,1,718
3724,9,4,11,12,4-98,1117,B-C,M,185,157,18,5,0,11,376,697,1,0,1,0,0,697
434,1,1,2,2,1-49,2551,B-C,U,182,144,12,5,5,11,359,654,1,0,2,0,0,654
3447,9,9,11,11,9-23,1142,B-C,M,178,78,10,2,7,17,292,622,1,0,1,0,0,622
5263,14,10,15,17,10-49,2745,B-C,U,114,241,35,3,2,13,408,660,1,0,2,0,0,660
3899,13,11,18,13,11-59,44,B-C,R,50,143,4,1,0,14,212,381,0,0,1,0,1,381
857,5,5,7,3,5-44,1760,B-C,U,189,227,11,7,7,9,450,692,1,0,1,0,0,692
6310,10,10,20,21,10-17,2268,B-C,U,106,169,30,9,5,23,342,639,1,0,2,0,0,639
1675,11,6,6,6,6-54,1557,B-C,U,182,192,5,1,3,9,392,598,1,0,1,0,0,598
4657,8,8,17,15,8-17,2928,B-C,M,97,167,10,7,2,4,287,466,0,0,2,0,0,466
1607,5,5,5,5,5-81,3025,B-C,U,156,114,4,3,0,9,286,505,1,0,1,0,0,505
489,1,1,2,2,1-40,2581,B-C,R,80,261,16,6,4,18,385,661,1,0,2,0,1,661
3611,15,4,12,12,4-95,998,B-C,U,159,72,11,2,0,9,253,468,0,0,1,0,0,468
973,3,3,3,4,3-9,1286,B-C,U,218,215,8,4,2,7,454,619,1,0,1,0,0,619
5777,13,13,19,19,13-66,2842,B-C,U,42,168,68,5,2,42,327,613,1,0,2,0,0,613
1051,3,3,3,4,3-26,1316,B-C,U,179,203,16,1,0,7,406,638,1,0,1,0,0,638
5291,14,10,15,17,10-55,2761,B-C,R,138,186,14,6,1,14,359,643,1,0,2,0,1,643
3820,13,11,18,13,11-63,7,B-C,U,175,273,11,0,3,7,469,663,1,0,1,0,0,663
4986,14,14,22,17,14-36,245,B-C,U,179,179,20,8,39,12,437,646,1,0,2,0,0,646
1258,3,3,4,4,3-84,1500,B-C,NA,181,138,9,1,3,10,342,722,0,1,1,0,0,722
5301,14,10,15,17,10-58,2768,B-C,U,68,176,13,2,1,0,260,456,0,0,2,0,0,456
131,4,1,1,1,1-59,2359,B-C,R,106,219,4,8,2,8,347,611,1,0,1,0,1,611
2320,4,4,8,8,4-63,879,B-C,U,197,197,27,6,6,23,456,617,1,0,1,0,0,617
2833,7,7,10,10,7-2,2035,B-C,U,132,378,6,5,1,9,531,747,1,0,1,0,0,747
2183,11,6,6,7,6-2,1668,B-C,R,213,132,32,7,3,40,427,744,1,0,1,0,1,744
3223,15,9,11,11,9-32,947,B-C,U,126,201,11,3,4,7,352,576,1,0,1,0,0,576
6571,14,14,22,22,14-23,110,B-C,U,42,134,30,2,2,14,224,594,0,0,2,0,0,594
430,1,1,2,2,1-48,2550,B-C,U,203,134,24,6,5,17,389,649,1,0,2,0,0,649
5260,14,10,15,17,10-49,2744,B-C,U,114,186,37,3,0,18,358,589,1,0,2,0,0,589
4471,12,12,15,15,12-3,431,B-C,U,137,186,15,5,7,13,363,517,1,0,2,0,0,517
474,1,1,2,2,1-39,2573,B-C,R,141,203,2,2,0,34,382,747,1,0,2,0,1,747
5674,13,13,19,19,13-47,1183,B-C,U,183,178,14,2,2,14,393,666,1,0,2,0,0,666
2168,6,6,4,7,6-4,1661,B-C,M,157,153,11,4,1,4,330,627,1,0,1,0,0,627
4236,8,8,14,14,8-42,2219,B-C,U,73,178,12,8,4,13,288,536,1,0,2,0,0,536
1316,6,6,7,5,6-63,1461,B-C,U,162,155,3,2,4,11,337,464,0,0,1,0,0,464
4465,12,12,15,15,12-54,415,B-C,U,156,224,20,7,4,16,427,589,1,0,2,0,0,589
3291,15,9,12,11,9-59,1022,B-C,U,119,129,10,0,1,11,270,398,0,0,1,0,0,398
6138,10,10,20,20,10-95,2984,B-C,M,189,145,4,3,3,85,429,612,1,0,2,0,0,612
1332,3,5,3,5,5-87,1477,B-C,M,204,191,9,2,3,7,416,733,0,1,1,0,0,733
3514,9,9,11,12,9-24,930,B-C,U,205,153,20,3,3,12,396,692,1,0,1,0,0,692
4090,8,8,14,13,8-58,2258,B-C,R,54,163,10,6,4,11,248,435,0,0,2,0,1,435
917,3,3,3,4,3-2,1272,B-C,U,155,169,7,2,3,8,344,539,1,0,1,0,0,539
1723,11,6,6,6,6-52,1592,B-C,U,177,216,10,4,1,15,423,716,1,0,1,0,0,716
4725,12,12,16,16,12-36,346,B-C,U,119,131,16,6,4,10,286,501,1,0,2,0,0,501
651,6,5,7,3,5-30,1402,B-C,U,112,150,10,1,1,11,285,402,0,0,1,0,0,402
3806,13,11,18,13,11-62,2,B-C,U,129,300,5,1,1,12,448,616,1,0,1,0,0,616
2058,6,6,4,7,6-30,1632,B-C,NA,192,178,7,3,4,15,399,743,0,1,1,0,0,743
5152,14,14,9,17,14-71,325,B-C,R,94,96,10,0,0,6,206,388,0,0,2,0,1,388
2474,9,7,13,8,7-77,2690,B-C,R,100,77,6,6,0,7,196,674,1,0,1,0,1,674
2296,4,4,8,8,4-62,875,B-C,U,160,176,32,10,2,12,392,712,1,0,1,0,0,712
2315,4,4,8,8,4-66,878,B-C,M,194,197,35,5,3,0,434,748,0,1,1,0,0,748
6198,10,13,19,21,13-23,670,B-C,U,148,186,30,3,5,12,384,620,1,0,2,0,0,620
5802,13,13,19,19,13-73,2850,E,R,59,144,21,19,4,12,259,430,1,0,2,1,1,430
5272,14,10,15,17,10-52,2749,B-C,U,91,231,45,2,6,20,395,599,1,0,2,0,0,599
2254,4,4,8,8,4-53,854,B-C,U,223,119,26,1,2,23,394,713,1,0,1,0,0,713
2929,13,7,13,10,7-22,2072,B-C,R,169,146,46,2,2,15,380,699,1,0,1,0,1,699
5743,13,13,19,19,13-61,2828,B-C,U,53,149,66,0,1,16,285,507,1,0,2,0,0,507
4029,8,8,14,13,8-100,2198,B-C,U,199,155,36,17,2,11,420,592,1,0,2,0,0,592
1957,6,3,7,7,3-56,1419,B-C,U,153,107,5,2,2,9,278,406,0,0,1,0,0,406
3150,9,7,13,10,7-84,2700,B-C,U,145,175,8,0,0,12,340,564,1,0,1,0,0,564
4862,12,12,15,16,12-15,472,B-C,U,123,115,22,1,6,19,286,587,1,0,2,0,0,587
482,1,1,2,2,1-41,2578,B-C,R,55,147,16,5,3,22,248,552,0,0,2,0,1,552
1061,3,3,7,4,3-27,1321,B-C,U,155,137,6,3,1,14,316,531,1,0,1,0,0,531
392,2,2,2,2,2-82,2534,B-C,R,187,45,18,2,2,5,259,423,0,0,2,0,1,423
2442,9,7,13,8,7-73,2669,B-C,U,216,186,15,5,2,18,442,727,1,0,1,0,0,727
5609,7,11,18,18,11-29,2012,B-C,U,121,88,6,2,2,7,226,451,0,0,1,0,0,451
3991,8,8,14,13,8-100,2186,B-C,U,170,217,20,9,2,10,428,653,1,0,2,0,0,653
118,4,1,1,1,1-58,2352,B-C,R,70,211,5,11,2,21,320,553,1,0,1,0,1,553
4826,12,13,15,16,13-2,452,B-C,U,156,177,33,2,6,8,382,598,1,0,2,0,0,598
3954,8,8,14,13,8-91,2176,B-C,U,220,136,17,6,3,21,403,677,1,0,2,0,0,677
6299,10,13,19,21,13-42,716,B-C,R,76,190,8,3,0,14,291,537,1,0,2,0,1,537
2402,9,7,13,8,7-59,2654,B-C,U,146,132,11,6,1,15,311,649,1,0,1,0,0,649
1096,6,3,7,4,3-30,1334,B-C,U,181,146,10,1,2,5,345,593,1,0,1,0,0,593
4655,8,8,17,15,8-16,2927,B-C,M,151,222,12,2,3,14,404,623,1,0,2,0,0,623
2329,4,4,8,8,4-72,886,B-C,R,45,104,4,0,0,8,161,362,0,0,1,0,1,362
3746,9,9,11,12,9-5,1132,B-C,R,96,198,4,4,0,14,316,549,1,0,1,0,1,549
2120,11,6,21,7,6-23,1643,B-C,U,170,145,4,2,2,17,340,695,0,1,1,0,0,695
4545,12,13,15,15,13-14,492,B-C,U,80,154,16,1,0,9,260,501,1,0,2,0,0,501
6090,10,10,20,20,10-81,2958,B-C,U,142,187,9,42,4,23,407,675,1,0,2,0,0,675
1532,5,6,6,5,6-79,1845,B-C,U,171,186,6,1,0,8,372,554,1,0,1,0,0,554
3987,8,8,14,13,8-96,2185,B-C,U,165,187,23,4,4,16,399,741,1,0,2,0,0,741
6043,10,10,20,20,10-71,2805,B-C,U,131,169,9,0,0,12,321,570,1,0,2,0,0,570
223,4,1,1,1,1-73,2407,B-C,U,158,124,7,4,1,6,300,631,1,0,1,0,0,631
3504,15,9,11,11,9-15,1174,B-C,R,138,129,24,3,2,15,311,570,1,0,1,0,1,570
5842,13,13,19,19,13-83,2867,B-C,M,23,149,125,3,1,24,325,658,1,0,2,0,0,658
5908,13,13,19,19,13-93,2889,B-C,U,19,79,85,3,1,16,203,523,1,0,2,0,0,523
3117,7,7,10,10,7-58,2503,B-C,R,77,100,3,2,0,3,185,409,0,0,1,0,1,409
3059,7,7,10,10,7-44,2477,B-C,U,115,266,7,1,1,5,395,702,0,1,1,0,0,702
5349,7,11,10,18,11-102,587,B-C,R,137,58,4,2,0,11,212,391,0,0,1,0,1,391
5827,13,13,19,19,13-79,2860,E,M,41,210,87,2,2,18,360,582,1,0,2,1,0,582
4869,12,12,15,16,12-15,482,B-C,U,184,151,21,6,8,18,388,740,1,0,2,0,0,740
5946,10,10,20,20,10-8,1875,B-C,U,116,251,41,2,7,8,425,734,1,0,2,0,0,734
2875,7,7,10,10,7-10,2046,B-C,R,96,195,5,2,2,11,311,605,1,0,1,0,1,605
776,5,5,5,3,5-47,1723,B-C,U,171,167,15,4,1,5,363,551,1,0,1,0,0,551
683,3,5,3,3,5-11,1681,B-C,U,213,226,17,0,6,16,478,734,0,1,1,0,0,734
2065,6,6,4,7,6-29,1632,B-C,NA,203,199,7,1,5,9,424,743,0,1,1,0,0,743
2602,2,2,9,9,2-11,172,B-C,U,204,186,24,6,10,24,454,653,1,0,2,0,0,653
1674,11,6,6,6,6-58,1556,B-C,U,167,148,4,3,1,0,323,559,1,0,1,0,0,559
6223,10,13,19,21,13-29,681,B-C,U,152,215,29,6,3,17,422,653,1,0,2,0,0,653
2675,2,2,9,9,2-42,211,B-C,R,97,109,15,2,2,18,243,428,0,0,2,0,1,428
5993,10,10,20,20,10-46,2649,B-C,R,133,189,2,1,1,7,333,467,0,0,2,0,1,467
3638,15,4,12,12,4-97,1027,B-C,U,133,124,6,1,3,11,278,422,0,0,1,0,0,422
4623,8,8,17,15,8-12,2913,B-C,U,111,271,30,17,3,25,457,625,1,0,2,0,0,625
4505,12,13,15,15,13-8,476,B-C,U,151,151,13,3,2,17,337,543,1,0,2,0,0,543
6696,14,14,22,22,14-92,1238,B-C,R,36,27,5,1,0,8,77,169,0,0,2,0,1,169
2583,2,2,9,9,2-9,164,B-C,U,156,161,15,6,7,14,359,635,1,0,2,0,0,635
4744,12,12,16,16,12-21,356,B-C,U,184,177,11,8,3,14,397,652,1,0,2,0,0,652
5527,7,11,18,18,11-33,1969,B-C,M,184,167,7,10,3,13,384,612,1,0,1,0,0,612
4410,12,12,16,15,12-33,371,B-C,U,165,195,15,4,6,11,396,729,1,0,2,0,0,729
6531,14,14,22,22,14-16,88,B-C,R,25,24,35,1,0,16,101,223,0,0,2,0,1,223
4928,2,12,16,16,12-72,522,B-C,U,108,115,22,7,1,10,263,448,0,0,2,0,0,448
6334,10,10,20,21,10-20,2280,B-C,U,82,122,22,2,3,7,238,377,0,0,2,0,0,377
